Name,Math,Science,English,Total,Average
Harsha,90,88,95,273,91.0
Rahul,75,82,80,237,79.0
Priya,96,91,93,280,93.33333333333333
Asha,84,79,85,248,82.66666666666667
Kiran,70,68,72,210,70.0
