Name,Math,Science,English,Total,Average
Harsha,90.0,88.0,95.0,273.0,91.0
Rahul,86.0,82.0,80.0,248.0,82.66666666666667
Priya,96.0,91.0,93.0,280.0,93.33333333333333
Asha,84.0,83.4,85.0,252.4,84.13333333333334
Kiran,70.0,68.0,89.6,227.6,75.86666666666666
